MUNICIPIO;REGIAO
AGUDO;CENTRO-OCIDENTAL
CACEQUI;CENTRO-OCIDENTAL
FORMIGUEIRO;CENTRO-OCIDENTAL
JAGUARI;CENTRO-OCIDENTAL
QUEVEDOS;CENTRO-OCIDENTAL
SÃO PEDRO DO SUL;CENTRO-OCIDENTAL
VILA NOVA DO SUL;CENTRO-OCIDENTAL
RESTINGA SECA;CENTRO-OCIDENTAL
SANTA MARIA;CENTRO-OCIDENTAL
ITAARA;CENTRO-OCIDENTAL
IVORÁ;CENTRO-OCIDENTAL
JÚLIO DE CASTILHOS;CENTRO-OCIDENTAL
PINHAL GRANDE;CENTRO-OCIDENTAL
SANTIAGO;CENTRO-OCIDENTAL
SÃO JOÃO DO POLÊSINE;CENTRO-OCIDENTAL
SÃO MARTINHO DA SERRA;CENTRO-OCIDENTAL
CAPÃO DO CIPÓ;CENTRO-OCIDENTAL
DILERMANDO DE AGUIAR;CENTRO-OCIDENTAL
DONA FRANCISCA;CENTRO-OCIDENTAL
FAXINAL DO SOTURNO;CENTRO-OCIDENTAL
ITACURUBI;CENTRO-OCIDENTAL
JARI;CENTRO-OCIDENTAL
MATA BANDEIRA SITE.JPG MATA;CENTRO-OCIDENTAL
NOVA ESPERANÇA DO SUL;CENTRO-OCIDENTAL
NOVA PALMA;CENTRO-OCIDENTAL
SÃO SEPÉ;CENTRO-OCIDENTAL
SÃO VICENTE DO SUL;CENTRO-OCIDENTAL
SILVEIRA MARTINS;CENTRO-OCIDENTAL
TOROPI;CENTRO-OCIDENTAL
TUPANCIRETÃ;CENTRO-OCIDENTAL
UNISTALDA;CENTRO-OCIDENTAL
ARROIO DO TIGRE;CENTRO-ORIENTAL
BOQUEIRÃO DO LEÃO;CENTRO-ORIENTAL
NOVO CABRAIS;CENTRO-ORIENTAL
CANDELÁRIA;CENTRO-ORIENTAL
COLINAS;CENTRO-ORIENTAL
ARROIO DO MEIO;CENTRO-ORIENTAL
CACHOEIRA DO SUL;CENTRO-ORIENTAL
CRUZEIRO DO SUL;CENTRO-ORIENTAL
MUÇUM;CENTRO-ORIENTAL
NOVA BRÉSCIA;CENTRO-ORIENTAL
PANTANO GRANDE;CENTRO-ORIENTAL
SINIMBU;CENTRO-ORIENTAL
SOBRADINHO;CENTRO-ORIENTAL
TEUTÔNIA;CENTRO-ORIENTAL
VALE DO SOL;CENTRO-ORIENTAL
VERA CRUZ;CENTRO-ORIENTAL
WESTFÁLIA;CENTRO-ORIENTAL
ESTRELA;CENTRO-ORIENTAL
FAZENDA VILANOVA;CENTRO-ORIENTAL
GRAMADO XAVIER;CENTRO-ORIENTAL
PARAÍSO DO SUL;CENTRO-ORIENTAL
SANTA CRUZ DO SUL;CENTRO-ORIENTAL
SANTA CLARA DO SUL;CENTRO-ORIENTAL
VENÂNCIO AIRES;CENTRO-ORIENTAL
LAJEADO;CENTRO-ORIENTAL
RIO PARDO;CENTRO-ORIENTAL
TABAÍ;CENTRO-ORIENTAL
TAQUARI;CENTRO-ORIENTAL
BOM RETIRO DO SUL;CENTRO-ORIENTAL
CANUDOS DO VALE;CENTRO-ORIENTAL
CAPITÃO;CENTRO-ORIENTAL
CERRO BRANCO;CENTRO-ORIENTAL
COQUEIRO BAIXO;CENTRO-ORIENTAL
DOUTOR RICARDO;CENTRO-ORIENTAL
ESTRELA VELHA;CENTRO-ORIENTAL
ENCANTADO;CENTRO-ORIENTAL
FORQUETINHA;CENTRO-ORIENTAL
HERVEIRAS;CENTRO-ORIENTAL
IBARAMA;CENTRO-ORIENTAL
IMIGRANTE;CENTRO-ORIENTAL
LAGOA BONITA DO SUL;CENTRO-ORIENTAL
MARQUES DE SOUZA;CENTRO-ORIENTAL
MATO LEITÃO;CENTRO-ORIENTAL
PASSA-SETE;CENTRO-ORIENTAL
PASSO DO SOBRADO;CENTRO-ORIENTAL
PAVERAMA;CENTRO-ORIENTAL
POUSO NOVO;CENTRO-ORIENTAL
PROGRESSO;CENTRO-ORIENTAL
RELVADO;CENTRO-ORIENTAL
ROCA SALES;CENTRO-ORIENTAL
SEGREDO;CENTRO-ORIENTAL
SÉRIO;CENTRO-ORIENTAL
TRAVESSEIRO;CENTRO-ORIENTAL
VESPASIANO CORRÊA;CENTRO-ORIENTAL
BALNEÁRIO PINHAL;METROPOLITANA
SALVADOR DO SUL;METROPOLITANA
ALTO FELIZ;METROPOLITANA
BARRA DO RIBEIRO;METROPOLITANA
CANOAS;METROPOLITANA
CAPÃO DA CANOA;METROPOLITANA
CARAÁ;METROPOLITANA
NOVA PETRÓPOLIS;METROPOLITANA
ARAMBARÉ;METROPOLITANA
ARARICÁ;METROPOLITANA
BARÃO;METROPOLITANA
BUTIÁ;METROPOLITANA
CACHOEIRINHA;METROPOLITANA
CAMPO BOM;METROPOLITANA
GLORINHA;METROPOLITANA
GRAMADO;METROPOLITANA
MONTENEGRO;METROPOLITANA
PORTÃO;METROPOLITANA
PORTO ALEGRE;METROPOLITANA
PRESIDENTE LUCENA;METROPOLITANA
SÃO JOSÉ DO HORTÊNCIO;METROPOLITANA
SÃO LEOPOLDO;METROPOLITANA
SÃO SEBASTIÃO DO CAÍ;METROPOLITANA
SAPIRANGA;METROPOLITANA
SAPUCAIA DO SUL;METROPOLITANA
TRIUNFO;METROPOLITANA
MARATÁ;METROPOLITANA
SÃO JERÔNIMO;METROPOLITANA
DOM FELICIANO;METROPOLITANA
ELDORADO DO SUL;METROPOLITANA
ESTÂNCIA VELHA;METROPOLITANA
FELIZ;METROPOLITANA
IGREJINHA;METROPOLITANA
MAQUINÉ;METROPOLITANA
MINAS DO LEÃO;METROPOLITANA
ROLANTE;METROPOLITANA
ARROIO DO SAL;METROPOLITANA
OSÓRIO;METROPOLITANA
RIOZINHO;METROPOLITANA
SANTO ANTÔNIO DA PATRULHA;METROPOLITANA
SÃO JOSÉ DO SUL;METROPOLITANA
SÃO PEDRO DA SERRA;METROPOLITANA
TAQUARA;METROPOLITANA
TRAMANDAÍ;METROPOLITANA
TRÊS COROAS;METROPOLITANA
TUPANDI;METROPOLITANA
DOIS IRMÃOS;METROPOLITANA
ESTEIO;METROPOLITANA
IVOTI;METROPOLITANA
VIAMÃO;METROPOLITANA
ARROIO DOS RATOS;METROPOLITANA
 ALVORADA;METROPOLITANA
GUAÍBA;METROPOLITANA
PAROBÉ;METROPOLITANA
GRAVATAÍ;METROPOLITANA
TAPES;METROPOLITANA
BARÃO DO TRIUNFO;METROPOLITANA
BOM PRINCÍPIO;METROPOLITANA
CAMAQUÃ;METROPOLITANA
CANELA;METROPOLITANA
CAPIVARI DO SUL;METROPOLITANA
CHARQUEADAS;METROPOLITANA
CHUVISCA;METROPOLITANA
CIDREIRA;METROPOLITANA
DOM PEDRO DE ALCÂNTARA;METROPOLITANA
BROCHIER;METROPOLITANA
CAPELA DE SANTANA;METROPOLITANA
CERRO GRANDE DO SUL;METROPOLITANA
LINDOLFO COLLOR;METROPOLITANA
MARIANA PIMENTEL;METROPOLITANA
NOVO HAMBURGO;METROPOLITANA
GENERAL CÂMARA;METROPOLITANA
HARMONIA;METROPOLITANA
IMBÉ;METROPOLITANA
ITATI;METROPOLITANA
LINHA NOVA;METROPOLITANA
MAMPITUBA;METROPOLITANA
MORRINHOS DO SUL;METROPOLITANA
MORRO REUTER;METROPOLITANA
MOSTARDAS;METROPOLITANA
NOVA HARTZ;METROPOLITANA
NOVA SANTA RITA;METROPOLITANA
PALMARES DO SUL;METROPOLITANA
PARECI NOVO;METROPOLITANA
POÇO DAS ANTAS;METROPOLITANA
PICADA CAFÉ;METROPOLITANA
SANTA MARIA DO HERVAL;METROPOLITANA
SÃO VENDELINO;METROPOLITANA
SENTINELA DO SUL;METROPOLITANA
SERTÃO SANTANA;METROPOLITANA
TAVARES;METROPOLITANA
TERRA DE AREIA;METROPOLITANA
TORRES;METROPOLITANA
TRÊS CACHOEIRAS;METROPOLITANA
TRÊS FORQUILHAS;METROPOLITANA
VALE REAL;METROPOLITANA
VALE VERDE;METROPOLITANA
XANGRI-LÁ;METROPOLITANA
ANTA GORDA;NORDESTE
ANDRÉ DA ROCHA;NORDESTE
ANTÔNIO PRADO;NORDESTE
ARVOREZINHA;NORDESTE
BENTO GONÇALVES;NORDESTE
BOA VISTA DO SUL;NORDESTE
BOM JESUS;NORDESTE
CAMBARÁ DO SUL;NORDESTE
CAXIAS DO SUL;NORDESTE
COTIPORÃ;NORDESTE
SANTA TEREZA;NORDESTE
SERAFINA CORRÊA;NORDESTE
MONTAURI;NORDESTE
GARIBALDI;NORDESTE
ITAPUCA;NORDESTE
LAGOA VERMELHA;NORDESTE
MONTE ALEGRE DOS CAMPOS;NORDESTE
MUITOS CAPÕES;NORDESTE
VACARIA;NORDESTE
PARAÍ;NORDESTE
PUTINGA;NORDESTE
SÃO JOSÉ DOS AUSENTES;NORDESTE
VERANÓPOLIS;NORDESTE
FLORES DA CUNHA;NORDESTE
MONTE BELO DO SUL;NORDESTE
NOVA PRATA;NORDESTE
CARLOS BARBOSA;NORDESTE
FARROUPILHA;NORDESTE
NOVA PÁDUA;NORDESTE
CAMPESTRE DA SERRA;NORDESTE
CAPÃO BONITO DO SUL;NORDESTE
DOIS LAJEADOS;NORDESTE
ESMERALDA;NORDESTE
FAGUNDES VARELA;NORDESTE
CORONEL PILAR;NORDESTE
NOVA BASSANO;NORDESTE
GUABIJU;NORDESTE
GUAPORÉ;NORDESTE
ILÓPOLIS;NORDESTE
IPÊ;NORDESTE
JAQUIRANA;NORDESTE
NOVA ALVORADA;NORDESTE
NOVA ARAÇÁ;NORDESTE
NOVA ROMA DO SUL;NORDESTE
PINHAL DA SERRA;NORDESTE
PINTO BANDEIRA;NORDESTE
PROTÁSIO ALVES;NORDESTE
SÃO FRANCISCO DE PAULA;NORDESTE
SÃO JORGE;NORDESTE
SÃO MARCOS;NORDESTE
SÃO VALENTIM DO SUL;NORDESTE
UNIÃO DA SERRA;NORDESTE
VILA FLORES;NORDESTE
VISTA ALEGRE DO PRATA;NORDESTE
IRAÍ;NORDESTE
ÁGUA SANTA;NORDESTE
ALECRIM;NORDESTE
ALEGRIA;NORDESTE
ALMIRANTE TAMANDARÉ DO SUL;NORDESTE
AMETISTA DO SUL;NORDESTE
BANDEIRA ARATIBA.PNG ARATIBA;NORDESTE
AUGUSTO PESTANA;NORDESTE
BARÃO DE COTEGIPE;NORDESTE
BARRACÃO;NORDESTE
BOZANO;NORDESTE
CAMPO NOVO;NORDESTE
CÂNDIDO GODÓI;NORDESTE
CASEIROS;NORDESTE
CHAPADA;NORDESTE
CHIAPETTA;NORDESTE
COLORADO;NORDESTE
COXILHA;NORDESTE
CRISSIUMAL;NORDESTE
CRUZALTENSE;NORDESTE
AJURICABA;NORDESTE
ALTO ALEGRE;NORDESTE
ÁUREA;NORDESTE
CAMPINAS DO SUL;NORDESTE
CARAZINHO;NORDESTE
CORONEL BICACO;NORDESTE
CRUZ ALTA;NORDESTE
HORIZONTINA;NORDESTE
LAGOÃO;NORDESTE
NOVA CANDELÁRIA;NORDESTE
PALMITINHO;NORDESTE
QUINZE DE NOVEMBRO;NORDESTE
REDENTORA;NORDESTE
ROQUE GONZALES;NORDESTE
SALVADOR DAS MISSÕES;NORDESTE
SANTA BÁRBARA DO SUL;NORDESTE
SANTO ANTÔNIO DAS MISSÕES;NORDESTE
SÃO DOMINGOS DO SUL;NORDESTE
SÃO MARTINHO;NORDESTE
SÃO MIGUEL DAS MISSÕES;NORDESTE
BANDEIRA DE SEBERI.JPG SEBERI;NORDESTE
TRÊS PASSOS;NORDESTE
DEZESSEIS DE NOVEMBRO;NORDESTE
ENGENHO VELHO;NORDESTE
ENTRE RIOS DO SUL;NORDESTE
ERNESTINA;NORDESTE
ESPUMOSO;NORDESTE
IBIAÇÁ;NORDESTE
IBIRUBÁ;NORDESTE
JABOTICABA;NORDESTE
JÓIA;NORDESTE
LAJEADO DO BUGRE;NORDESTE
LAGOA DOS TRÊS CANTOS;NORDESTE
MARAU;NORDESTE
NICOLAU VERGUEIRO;NORDESTE
NONOAI;NORDESTE
PALMEIRA DAS MISSÕES;NORDESTE
PANAMBI;NORDESTE
PEJUÇARA;NORDESTE
PINHAL;NORDESTE
PLANALTO;NORDESTE
QUATRO IRMÃOS;NORDESTE
ROLADOR;NORDESTE
SANANDUVA;NORDESTE
SANTO ÂNGELO;NORDESTE
SANTO ANTÔNIO DO PLANALTO;NORDESTE
SANTO CRISTO;NORDESTE
SÃO LUIZ GONZAGA;NORDESTE
SÃO NICOLAU;NORDESTE
SELBACH;NORDESTE
SEVERIANO DE ALMEIDA;NORDESTE
SÃO JOSÉ DO OURO;NORDESTE
SOLEDADE;NORDESTE
SANTA ROSA;NORDESTE
VICTOR GRAEFF;NORDESTE
VILA MARIA;NORDESTE
CASCA;NORDESTE
PASSO FUNDO;NORDESTE
TENENTE PORTELA;NORDESTE
TRÊS DE MAIO;NORDESTE
VISTA ALEGRE;NORDESTE
SARANDI;NORDESTE
BANDEIRAB.JPG BOA VISTA DO BURICÁ;NORDESTE
CAMPINA DAS MISSÕES;NORDESTE
CONSTANTINA;NORDESTE
GAURAMA;NORDESTE
PORTO XAVIER;NORDESTE
TAPERA;NORDESTE
ALPESTRE;NORDESTE
BARRA DO GUARITA;NORDESTE
BARRA DO RIO AZUL;NORDESTE
BARRA FUNDA;NORDESTE
BARROS CASSAL;NORDESTE
BENJAMIN CONSTANT DO SUL;NORDESTE
BOA VISTA DO CADEADO;NORDESTE
BOA VISTA DO INCRA;NORDESTE
BOM PROGRESSO;NORDESTE
BOSSOROCA;NORDESTE
BRAGA;NORDESTE
CACIQUE DOBLE;NORDESTE
CAIBATÉ;NORDESTE
CAIÇARA;NORDESTE
CAMARGO;NORDESTE
CAMPOS BORGES;NORDESTE
CATUÍPE;NORDESTE
CENTENÁRIO;NORDESTE
CERRO GRANDE;NORDESTE
CERRO LARGO;NORDESTE
CHARRUA;NORDESTE
CIRÍACO;NORDESTE
CONDOR;NORDESTE
COQUEIROS DO SUL;NORDESTE
CORONEL BARROS;NORDESTE
CRISTAL DO SUL;NORDESTE
DAVID CANABARRO;NORDESTE
DOIS IRMÃOS DAS MISSÕES;NORDESTE
DOUTOR MAURÍCIO CARDOSO;NORDESTE
ENTRE-IJUÍS;NORDESTE
EREBANGO;NORDESTE
ERVAL SECO;NORDESTE
ESPERANÇA DO SUL;NORDESTE
ESTAÇÃO;NORDESTE
EUGÊNIO DE CASTRO;NORDESTE
FAXINALZINHO;NORDESTE
BOA VISTA DAS MISSÕES;NORDESTE
CARLOS GOMES;NORDESTE
ERECHIM;NORDESTE
PORTO VERA CRUZ;NORDESTE
DERRUBADAS;NORDESTE
ERVAL GRANDE;NORDESTE
FLORIANO PEIXOTO;NORDESTE
FONTOURA XAVIER;NORDESTE
FORTALEZA DOS VALOS;NORDESTE
FREDERICO WESTPHALEN;NORDESTE
GENTIL;NORDESTE
SANTA CECÍLIA DO SUL;NORDESTE
GETÚLIO VARGAS;NORDESTE
GIRUÁ;NORDESTE
GRAMADO DOS LOUREIROS;NORDESTE
GUARANI DAS MISSÕES;NORDESTE
HUMAITÁ;NORDESTE
IBIRAIARAS;NORDESTE
IBIRAPUITÃ;NORDESTE
IJUÍ;NORDESTE
INDEPENDÊNCIA;NORDESTE
INHACORÁ;NORDESTE
IPIRANGA DO SUL;NORDESTE
ITATIBA DO SUL;NORDESTE
JACUIZINHO;NORDESTE
JACUTINGA;NORDESTE
LIBERATO SALZANO;NORDESTE
MACHADINHO;NORDESTE
MARCELINO RAMOS;NORDESTE
MARIANO MORO;NORDESTE
MATO CASTELHANO;NORDESTE
MATO QUEIMADO;NORDESTE
MAXIMILIANO DE ALMEIDA;NORDESTE
MIRAGUAÍ;NORDESTE
MORMAÇO;NORDESTE
MULITERNO;NORDESTE
NÃO-ME-TOQUE;NORDESTE
NOVA BOA VISTA;NORDESTE
NOVA RAMADA;NORDESTE
NOVO XINGU;NORDESTE
NOVO BARREIRO;NORDESTE
NOVO MACHADO;NORDESTE
NOVO TIRADENTES;NORDESTE
PAIM FILHO;NORDESTE
PAULO BENTO;NORDESTE
PINHEIRINHO DO VALE;NORDESTE
PIRAPÓ;NORDESTE
PORTO LUCENA;NORDESTE
PONTÃO;NORDESTE
PONTE PRETA;NORDESTE
PORTO MAUÁ;NORDESTE
RIO DOS ÍNDIOS;NORDESTE
RODEIO BONITO;NORDESTE
RONDA ALTA;NORDESTE
RONDINHA;NORDESTE
SAGRADA FAMÍLIA;NORDESTE
SALDANHA MARINHO;NORDESTE
SALTO DO JACUÍ;NORDESTE
SANTO ANTÔNIO DO PALMA;NORDESTE
SANTO AUGUSTO;NORDESTE
SANTO EXPEDITO DO SUL;NORDESTE
SÃO JOÃO DA URTIGA;NORDESTE
SÃO JOSÉ DAS MISSÕES;NORDESTE
SÃO JOSÉ DO HERVAL;NORDESTE
SÃO JOSÉ DO INHACORÁ;NORDESTE
SÃO PAULO DAS MISSÕES;NORDESTE
SÃO PEDRO DAS MISSÕES;NORDESTE
SÃO PEDRO DO BUTIÁ;NORDESTE
SÃO VALENTIM;NORDESTE
SÃO VALÉRIO DO SUL;NORDESTE
SEDE NOVA;NORDESTE
SENADOR SALGADO FILHO;NORDESTE
SERTÃO;NORDESTE
SETE DE SETEMBRO;NORDESTE
TAPEJARA;NORDESTE
TAQUARUÇU DO SUL;NORDESTE
TIO HUGO;NORDESTE
TIRADENTES DO SUL;NORDESTE
TRÊS ARROIOS;NORDESTE
TRÊS PALMEIRAS;NORDESTE
TRINDADE DO SUL;NORDESTE
TUCUNDUVA;NORDESTE
TUNAS;NORDESTE
TUPANCI DO SUL;NORDESTE
TUPARENDI;NORDESTE
UBIRETAMA;NORDESTE
VANINI;NORDESTE
VIADUTOS;NORDESTE
VICENTE DUTRA;NORDESTE
VILA LÂNGARO;NORDESTE
VISTA GAÚCHA;NORDESTE
VITÓRIA DAS MISSÕES;NORDESTE
AMARAL FERRADOR;SUDESTE
ARROIO DO PADRE;SUDESTE
CAÇAPAVA DO SUL;SUDESTE
CAPÃO DO LEÃO;SUDESTE
RIO GRANDE;SUDESTE
SÃO LOURENÇO DO SUL;SUDESTE
CHUÍ;SUDESTE
HERVAL;SUDESTE
JAGUARÃO;SUDESTE
PELOTAS;SUDESTE
PINHEIRO MACHADO;SUDESTE
SANTA VITÓRIA DO PALMAR;SUDESTE
SÃO JOSÉ DO NORTE;SUDESTE
ENCRUZILHADA DO SUL;SUDESTE
ARROIO GRANDE;SUDESTE
PEDRAS ALTAS;SUDESTE
SANTANA DA BOA VISTA;SUDESTE
CANDIOTA;SUDESTE
CANGUÇU;SUDESTE
CERRITO;SUDESTE
CRISTAL;SUDESTE
MORRO REDONDO;SUDESTE
PEDRO OSÓRIO;SUDESTE
PIRATINI;SUDESTE
TURUÇU;SUDESTE
ACEGUÁ;SUDOESTE
BAGÉ;SUDOESTE
BARRA DO QUARAÍ;SUDOESTE
ALEGRETE;SUDOESTE
DOM PEDRITO;SUDOESTE
ROSÁRIO DO SUL;SUDOESTE
SÃO BORJA;SUDOESTE
SÃO GABRIEL;SUDOESTE
SÃO FRANCISCO DE ASSIS;SUDOESTE
HULHA NEGRA;SUDOESTE
ITAQUI;SUDOESTE
QUARAÍ;SUDOESTE
LAVRAS DO SUL;SUDOESTE
SANTANA DO LIVRAMENTO;SUDOESTE
GARRUCHOS;SUDOESTE
MAÇAMBARÁ;SUDOESTE
MANOEL VIANA;SUDOESTE
SANTA MARGARIDA DO SUL;SUDOESTE
URUGUAIANA;SUDOESTE
